9.463577610870961276e-01,8.918090272167011889e-01
-9.182742887380794805e-01,3.218778920577838321e-01
4.736535412421705171e-01,6.079943561016707410e-01
9.655408291516132113e-01,-7.951725147909434188e-01
3.162774447010550105e-01,-3.417131320999278188e-01
-5.641849651802992582e-01,-5.194532144550969566e-01
7.659905904993660197e-01,2.737481180847562978e-01
-6.825176469717142425e-01,5.657037751402453907e-01
4.742497189291898785e-01,2.323399372080574565e-01
-6.778190936132049149e-01,5.714235756194030458e-02
3.441929762794611047e-01,3.051520027860876727e-01
5.766978063407466326e-01,-1.321688017319635478e-01
-1.141298493499611766e-01,1.952594296729872614e-01
1.353278360779714973e-01,3.305977818097405319e-02
9.113019090653438070e-01,-1.752079588179356051e-01
-9.196650837630961917e-01,8.359924261588742578e-01
-6.774189661857137335e-01,7.635080907959865826e-01
-3.975427088577543344e-02,3.402993312263307146e-01
5.993430115711979589e-01,3.749768947504699135e-01
6.945516624042937792e-01,1.518209778671013588e-01
-9.154287268921472709e-01,-6.289740146032007928e-01
-6.560463064771098196e-01,-5.434448346798812501e-01
-2.842444503396468480e-01,-7.723298697622273945e-01
8.659299210189463913e-02,1.588850717465166706e-01
-6.630858798974297308e-01,-8.957993297671091870e-01
9.563720189176381226e-01,-6.090450479649403004e-01
4.142142105863380053e-01,-6.097544598354729395e-01
-6.405451766593914797e-01,-1.443708512581851622e-01
8.641176349669608125e-01,-7.086698891821121560e-01
4.163876060479265728e-01,3.232476500696401800e-02
-4.875962588673377063e-02,6.701861415414285261e-01
2.822027364123251836e-01,-4.324151708602841371e-01
4.374819872675166366e-01,-8.140768228563732833e-01
-9.939803837674205944e-01,-3.355030943095025364e-01
-1.811666280997514811e-01,-6.598762981926700188e-01
-8.981433547700976572e-01,-8.788090234299816839e-01
7.276709451135019435e-01,6.440631896743713725e-01
-7.551794277798440369e-01,9.586808106008537500e-01
-6.555263718572117426e-01,-6.122759916147537673e-01
5.555752776763096534e-01,-1.177648404731839182e-01
6.750171402773650353e-01,-3.859605584894754138e-02
3.182226143156250409e-01,3.407367848506503982e-01
-2.552565442659124884e-01,-3.688367762248743187e-01
-5.991459037881436966e-01,-5.448657239215113357e-01
-4.433934071693497181e-01,1.451268872648905361e-01
9.270694934273082666e-02,8.106547108558106451e-01
-2.282999318088405616e-01,-7.152849857117553611e-01
2.667838694236617236e-01,-3.047163217262682799e-01
2.051970017601731922e-01,-2.970485170492389582e-01
4.376025122764171105e-01,1.490700734910441749e-01
-6.258643888952342138e-02,-5.162312682996104130e-01
5.154836843560486326e-01,-6.417856037746416664e-01
4.073075684648101991e-01,-5.729477195050685090e-01
-9.896600524565781765e-01,3.795656771063620205e-01
-4.093912039944724857e-01,5.766173438448796151e-01
4.575611933043923774e-01,7.490802113424857023e-01
-3.754224713213514253e-01,2.195595489985340265e-01
8.919380429927334930e-01,6.646880185468222457e-01
-5.228209546018909304e-01,3.655480498610148565e-01
-1.195609490584239598e-01,-5.733894999154403038e-01
-6.418962520149118500e-01,-2.144889983013620327e-01
2.501021105822067714e-01,8.640827984562502451e-01
2.493082499581649181e-01,9.685936683300451211e-01
8.125725929098759348e-01,2.834853607710265955e-01
-3.683755741420651209e-01,2.439787541027644835e-01
-6.012221836592552826e-01,-7.373338473781689828e-01
-3.815134740631165311e-01,-9.463850336457617640e-01
1.587754526368316821e-01,-2.278928390967720485e-01
5.837966274635868480e-01,5.879072926241191155e-01
8.772979263857418886e-01,-6.679365290850187709e-01
2.180483529749612792e-01,1.187001006649501811e-02
1.760532506950724940e-01,-4.002763416334580437e-01
1.849479354774636874e-01,4.098918592961069418e-01
2.327638945205909859e-01,-4.049703889513220911e-01
-6.614184027543326128e-01,-9.933723746714460123e-01
4.879619139284341323e-01,1.222411892043184789e-01
-5.194459938760667139e-01,-8.981259351235926225e-01
-1.599776380235518047e-02,5.604294825601148222e-01
2.406698370026925105e-01,-3.885667464220559086e-01
5.824212081294248833e-01,-5.889056235360488056e-01
-7.565272404218830182e-01,-1.266212227507073074e-01
2.668509200491520073e-01,4.911540482882850167e-01
-3.272050035556364200e-01,3.539896742682251407e-01
-8.196720444518794668e-01,-6.780445430439356880e-01
7.370860463132438145e-01,4.828532471477364751e-01
-9.289118301197500926e-01,4.197817185876626667e-01
9.107391651858507409e-01,-7.441428743413884828e-01
3.416826247092699109e-01,-4.255911741814084603e-01
5.267693337593915004e-04,-2.790285456272689757e-02
3.835837684840439632e-01,-5.948102689921324071e-01
-3.769797666288907667e-01,8.317758276530555772e-01
8.107828105481995618e-01,-6.371986480394407071e-01
7.585137210876531366e-01,8.375745551858961857e-01
1.820295749603134450e+00,-5.592762316528543387e-02
3.766751527050833381e-01,-6.342251567397934053e-01
3.271564253334546812e-01,6.959702903566697962e-01
4.376342125382282067e-01,1.101886159807554666e-01
7.803990268535687669e-02,2.511360317146820176e-01
-9.702295921347636742e-02,3.394751932633941482e-01
-3.121403983390926840e-01,8.604193932123858080e-01
-6.117591555444363838e-01,8.696411455084165354e-01
5.266297772361219209e-01,-4.833356030253743718e-02
7.971885590282332679e-01,2.213751816215163704e-01
-9.390820685711429583e-01,-5.530043144445679903e-01
9.449370882788037385e-01,-3.976758086567060424e-01
-3.689431377902661069e-01,-5.797428982837140587e-01
-2.384687705082000342e-02,-7.681477534998839563e-01
-9.445160137001169520e-01,-8.680162534196136370e-01
9.022552603899793855e-01,-8.065346541560547422e-01
-4.578544616493067654e-01,-2.720417805793824417e-01
-9.961799811575482444e-01,-8.165573581297258521e-02
-4.967625447888224244e-02,-9.129528590958111423e-01
-3.075282863841060088e-01,-5.423507933534352787e-01
7.092788227833966008e-01,-9.034655203193917572e-01
2.142076811109776546e-01,1.674892541711938687e-01
2.540428514389276859e-01,-2.365515893487912802e-01
2.144701740143128976e-01,-8.122871666247450939e-01
1.600670224110289919e-01,9.797044000394787844e-01
-9.728364715712922717e-01,8.107503747046505005e-01
-5.078097788249240629e-01,-9.518837726193380977e-01
-7.678261645147266279e-02,-8.258638909712812115e-02
-6.671163571592113595e-01,-3.809510979057206814e-01
-4.568255372897582767e-01,-4.976618507664269941e-01
-1.159431511628929989e-01,9.319126449763952547e-01
6.147573656972444844e-01,6.391673950211429478e-01
2.082249955682340392e-01,2.170998999574174082e-01
-7.888094663567195575e-01,-5.268709727026430478e-01
-3.699233600676310463e-01,-4.078357152060949620e-01
-4.313484404119507509e-01,-9.855453259959769952e-01
5.084859570100215276e-01,9.330782039214939871e-01
6.276212497249848976e-01,-5.753425883214768888e-02
-1.170496150050577278e-01,1.514394377718943918e-01
2.617601921105288110e-01,6.774027366645340997e-01
5.801165443167510816e-01,-7.520975491220409648e-01
5.398070672872767872e-02,-9.495690663865381520e-01
-9.729057689142261989e-01,5.813227638919098439e-01
-7.341276220599100011e-01,5.085767178577831338e-01
-4.931307720517070781e-01,-3.886989633894846197e-01
6.793717507885332907e-01,-3.296233979595184493e-01
-9.042863277062904714e-01,-7.329027267429475412e-01
9.999684907867765205e-01,-3.201923825782126976e-01
-4.942360986924414501e-01,-3.404901797183519374e-01
7.562851615991221799e-01,-6.079569886686297941e-01
-8.444468515447864920e-01,-5.414379908479305392e-01
8.228250380336223913e-01,-2.357646968917070929e-02
8.808727662637250155e-02,1.894615839941948821e-01
6.951125794074983766e-01,5.508193739684197343e-01
7.476262706063745433e-01,3.561415735618531642e-01
2.597961432589666053e-01,-7.763755697484926444e-01
6.281428566901900989e-01,2.574765052605891835e-01
-2.945830831944684647e-02,4.794335396112363590e-01
-5.870681672209157043e-01,-3.715879485110511471e-01
-2.002431340450554487e-01,1.760023595276656305e-01
-2.566071105324854162e-01,4.849120867547320746e-01
-9.409173667421226739e-01,1.850923373947699346e-02
6.027648978814521552e-01,7.433300618927636272e-01
-9.938939636680135248e-01,7.955339952423285954e-01
4.674766066640678730e-01,5.627680383454680690e-01
-1.823524600431680742e-01,3.199253331648250764e-01
-1.567016392779609912e-01,-4.953919288010368849e-01
8.073220162617043005e-01,3.257586724400516331e-01
7.056138602099892854e-01,-6.154748763393458333e-01
3.630879587872775094e-01,3.010631259167697582e-01
-2.270833309647393161e-01,-9.040796217129121182e-02
-4.142050970087540751e-01,1.990477301694628665e-01
2.355371562960131282e-01,-7.371746484576973124e-01
-4.449424688426504293e-01,8.293286597584270670e-01
-7.456895531599756488e-01,-1.258001324123358966e-01
-9.273050288064457192e-01,9.352603093327709338e-01
-1.516279359685250849e-01,1.468203567236603391e-02
-3.979437686546525299e-01,6.744669415777855281e-01
9.750154432282074346e-01,-3.921762632469800725e-01
-6.314551102502641289e-01,-5.760484459799508627e-02
-2.792865939277504594e-01,3.740045684868809062e-01
6.225006877746177558e-01,8.998588658421524666e-01
-8.726515634453326786e-01,-5.626773630056529640e-01
-7.877810133121905256e-01,3.508484341250068805e-01
-6.999200193238785950e-02,4.269942853652259895e-01
-5.544525434274361064e-01,1.613973736397869008e-01
8.463598594300609790e-01,8.638138542018898303e-01
-2.268841976907918223e-01,4.719005617706060196e-01
4.144972385784009283e-01,3.216906215795936053e-01
-5.500387954554948333e-01,-8.199269221986760225e-01
1.323314682455840607e-01,8.485639988567525993e-01
3.051088048031662670e-01,8.763528301747089966e-01
-9.441988080995766808e-01,-8.208367115874355413e-01
-4.967234283976449394e-01,-8.284203201851514375e-01
-8.580291229054941571e-01,4.789048016511150418e-01
-5.827536090358149679e-01,3.836749701238046928e-01
5.278379306191098852e-01,9.178505814118953499e-01
4.835677773217983422e-02,-4.483273555406896982e-02
6.975579672960301458e-01,-9.412276622630131317e-01
1.369800146778767935e-01,5.556584586243336066e-01
-8.125588769611638007e-01,7.432410044922714842e-01
8.828488489171684162e-01,-2.266604659630946372e-01
5.939601451595286630e-01,-2.614149737066004953e-01
6.917272777736069855e-01,7.698149273625800593e-01
5.668434779503805920e-02,1.904056193155829746e-01
-5.560001757235566444e-01,1.788570624756065097e-01
6.602090164282832241e-01,5.330560876775329859e-01
-3.619636523581242216e-01,4.265349959301332206e-01
8.463868537310592632e-01,-2.462816749721992160e-01
6.523075937234572574e-01,6.793382078012384362e-01
-4.856248089814338975e-01,5.884953754049311314e-01
2.426865655229430985e-01,-1.333357191911430650e-01
4.114825284499845637e-02,-6.323626924565328711e-01
-2.360315468248377346e-01,2.083926132891371630e-01
1.522866643990035129e-01,-2.218023908300654767e-01
-3.275314317212945081e-01,-2.781690609848703755e-01
-7.895323937698954797e-01,9.464100030264213093e-01
-3.324657555073962101e-02,6.729852449785056479e-02
-3.900163982941091678e-01,6.007447833396475367e-01
7.449546733649949903e-01,-2.515680745261092977e-01
3.392454321210731649e-01,3.086835664658493794e-01
3.357951350398769019e-01,9.102165046625818601e-01
-4.133957883969658909e-01,-6.486223089356881744e-01
5.254632072815319521e-01,-4.266401382694964273e-01
8.676585340557352310e-01,-2.764383073054448303e-01
1.322803833878551938e-01,-7.892381051436803130e-01
-6.178438658027292085e-01,-1.341522847376948047e-01
-3.106920790040335056e-01,-1.380797419592201258e-01
7.777001697815506542e-01,-3.723559289515592230e-01
4.507699541837411061e-01,-8.353562723186136463e-01
6.199136160067675316e-01,-6.094137755968780379e-01
-6.357622206729862668e-03,1.124032544839208558e-01
2.048825322322085363e-01,8.904314244057742744e-01
6.974619591723674183e-02,6.538431150242214329e-01
-9.910459538824676340e-01,4.420636280020175946e-01
5.123841405430851204e-02,8.434889349930003721e-01
-8.239802737898174190e-01,3.880567811374484588e-01
5.289590675742703585e-01,1.950393152096967508e-01
-1.801636926315386411e-02,8.594474729153842585e-01
9.306041621519467455e-01,2.386435469204122306e-01
5.929017896620587535e-01,-9.211803415796659955e-02
2.031915326817428369e-01,-5.965487254951131746e-01
2.115551148838663575e-01,-9.680672935158602943e-01
-5.712522241575617166e-01,6.391895467914232576e-01
-4.469261818872907188e-01,-7.166385384823272808e-01
-7.190262062752839078e-01,-7.823447980292996817e-04
3.987347461916883606e-01,-2.963514919850631646e-01
2.442452083526180928e-02,-2.806771112420196612e-01
9.956345238119197472e-01,8.433780060442561677e-01
-6.003971661981641894e-01,5.757925155043819299e-01
1.637488205853654399e-02,-6.920243253208826495e-01
7.452161534997436831e-01,-3.023929970803693745e-01
9.316690495271895411e-01,-5.071940161858214946e-01
-7.971248863321709344e-01,2.919735985063973693e-01
-7.853745978492756574e-01,-4.270048778589801142e-01
5.486029756378332234e-01,-9.484823911932205309e-01
7.420833168550342585e-01,4.336810576092753333e-01
2.366719118243851838e-01,-7.170993500957132394e-01
5.115460595937673105e-01,8.186189757926320976e-01
-6.347224444999233217e-01,2.348047859662782955e-02
-1.673281525901273437e-01,1.041010035600131722e-02
-5.966809892167825868e-01,-3.891063992564092189e-01
-2.501016961982582831e-01,-3.566931177366921002e-01
-1.493130009460901242e-01,1.699546118901114067e-01
-1.081805348036586345e-01,-6.172463597185555706e-01
4.740295312469957612e-01,2.426505289832352474e-01
-1.292158104273313235e-01,-3.065034926605620935e-01
9.229584956509722105e-01,-9.953285316711486530e-01
-8.953709663519719975e-01,8.191828608248956645e-01
-6.139840063306656326e-01,-1.968953678466855983e-01
9.140340809309188685e-01,-3.746058102482949792e-01
-9.802034314315550834e-01,-1.073552070473617892e-01
-2.609910728757698362e-01,-5.518019734654608932e-01
-5.177441982554462641e-01,7.177972992622210224e-01
3.815137810113291561e-01,-6.648717819187153211e-01
1.764056094356654114e-01,7.573856594486751970e-01
1.654064749338486351e-01,1.067619267096473479e-01
-2.929531788483674681e-02,3.979439051042670261e-01
6.652748148742786416e-01,2.310085159945209909e-01
-7.537273343146380089e-01,6.408768817641434801e-01
1.857468650650768716e-01,-9.974909932819450376e+01
1.069424482855230174e-02,6.190867883101818236e-01
1.525184156634653565e-01,-2.501248428427627069e-01
6.893661341037313761e-01,4.580317878353525884e-01
-7.717463745992323432e-01,6.347850588547432338e-01
-5.932814386627560665e-01,5.294564579106380009e-01
4.945119967073072775e-01,4.378082134661864799e-02
2.025931302599874861e-01,-1.153943078447070558e-01
-7.019108925480006533e-01,-5.170471326594701100e-01
-3.233607833212284177e-01,6.181839658872492205e-01
-2.518087848441579180e-01,7.500293972664118236e-01
-3.259162116629195083e-01,6.973913692956241750e-01
5.531739016992138769e-01,3.025740673120220769e-01
-6.187404982824320498e-01,5.409909506665002699e-01
5.093118621880219354e-01,4.137463052767198501e-01
-3.552606858146143409e-01,-4.294493906890517465e-01
-8.055492333728728749e-01,-8.598844026448999589e-01
8.625961806139510468e-01,9.178651965683184422e-01
-6.433190095769578676e-01,2.142093254479433551e-01
-8.427099739979500015e-01,-4.732192778449171300e-01
-3.557905200505353527e-01,-1.323115359043722794e-01
-6.940006540155227999e-01,-1.591418727604556604e-01
4.375983179963303105e-01,4.274832454844201823e-01
-5.068805050122948685e-01,5.232137281899922332e-01
1.781538874650863136e-01,3.683133451853497498e-01
8.875591703400660393e-01,-1.032952079127567035e-01
3.440877410985887508e-01,9.912580494009735066e-01
-4.668941057312914200e-01,-3.849378531885130350e-01
5.206944817066005982e-02,9.031736069222091601e-01
5.229767998401360085e-01,8.334149603412788210e-01
-4.116384807366593179e-01,-8.746452090637213406e-01
3.525374249170567520e-01,2.899514559808298308e-01
-7.393006420895797959e-01,9.698715107354369813e-01
9.526188883439123956e-02,-4.409393253981312988e-01
-2.164528477026206321e-01,-9.562750074628558750e-01
-5.303550854524539115e-01,6.722389671380257781e-02
3.380998531141332641e-02,1.988156772297307029e+00
9.945635628684064145e-01,-5.979400521539479652e-01
9.107088163116581203e-01,6.943843783988292717e-01
-6.502657132206532964e-01,7.020034470642166902e-02
2.081897330467064045e-02,-3.187228165071875896e-01
-7.052412303681505623e-01,4.906650915198120799e-01
8.991334654960856376e-01,4.440057760914717377e-02
8.732806919113336175e-01,-3.485975238419039002e-01
4.717165637373077480e-01,1.522189253250474383e-01
-9.279158391823374430e-01,-6.295356229419821759e-01
-1.304375462279683262e-01,-5.360668008045668120e-01
1.057004485606427568e-01,-8.719754917062587651e-01
3.046277515943209835e-01,-4.664955703359514594e-01
-4.860403364493095513e-01,-3.810854112052448617e-01
-5.080859911344082214e-01,4.541991336759394482e-01
2.661099374203481638e-01,9.859241089432762006e-01
-2.730371398706183950e-01,-5.696066972837190434e-01
-1.024710752682491677e-01,4.331260605504019257e-01
6.861377356994329269e-01,6.618047066974874770e-01
1.097213892880779529e-01,-3.380489474867711674e-01
9.296636538927287585e-01,-6.281502921983350696e-01
2.361267989028867920e-01,3.113241306170473344e-01
-2.495314173348344156e-01,-8.952640162938041435e-02
6.096948131352066813e-01,4.286942860515075004e-01
9.505739563521242719e-01,4.358735137581193353e-01
-8.929381170803500911e-01,-9.760939943077424630e-01
9.406746727042267775e-01,-4.904865470882473488e-01
-2.926320201589600600e-01,-7.267825216443823955e-02
7.283983938422213811e-01,9.598304460764903734e-01
-4.637701031975753896e-01,-2.473117173760284171e-01
6.093034492455482454e-01,7.223333554055078043e-01
-1.939535693314047293e-01,8.302476558735312206e-01
3.881776027624419534e-01,8.223862553297094369e-01
-8.870337916653143751e-01,-5.990056982037013089e-01
6.350315125053371812e-01,-5.352994687956726949e-01
-8.858734164201591543e-01,2.420917897198489044e-01
-6.145420319611267779e-01,-7.871747368087955721e-01
4.054054497759636000e-01,-5.625338651708999826e-02
4.466958998952734738e-01,5.585313167374366117e-01
8.514023760403097718e-01,1.856515398497706748e-01
-4.511613892268822035e-01,-9.632262290242672442e-01
8.937958922908673109e-02,3.088877412939923239e-01
1.774923858312358327e-01,6.727674710740536579e-01
2.136580647442956060e-01,4.312913510169102960e-01
7.554711231091510992e-01,1.074764181836718180e-03
8.280346673219844966e-01,3.294273714291706678e-01
9.659319502193166596e-01,-7.371353897664485455e-01
1.322241583753909211e-01,-7.703162305883421990e-01
-7.780512505507866106e-01,9.499246576289006594e-01
5.779006397510015880e-01,5.997088584408423184e-01
5.945025305704727536e-01,-5.013143559681640937e-01
-4.353078351488393061e-01,6.969868975590642890e-02
6.547668487961126882e-01,4.180086027311313845e-01
-9.549509857589970618e-01,-9.442085413905287883e-01
7.750614526715779995e-01,6.302257143531375672e-01
-8.781772942665690973e-01,-3.044794341608663135e-01
-7.873435583021095585e-01,2.603462475802178488e-01
-9.202434901596736605e-01,-5.814370904806556162e-01
4.837109956473197858e-01,1.752644629438138146e-02
8.057204690874897324e-01,5.290636457873063581e-01
5.397212710497185650e-01,9.231778500557570322e-01
1.694754093937200778e-01,7.663529081108706453e-01
7.278064951990104170e-02,2.913722459898198114e-01
4.101736664106931940e-01,-5.873405202601238440e-01
6.342089290017354219e-01,-2.591791131482170663e-01
-5.868176810013723266e-01,-2.094913665919120316e-01
4.945496565777880438e-01,5.794690602802465840e-02
6.171166549027728987e-01,2.264969332122737100e-01
9.681553340479447378e-01,6.536228638606824681e-01
4.240646091613042845e-01,4.320690801805859849e-03
-4.050717698655246224e-01,9.192770537418577526e-01
-5.133121829383340273e-01,-7.133931356176237415e-01
-2.361501980631075526e-02,4.992590462924904049e-01
6.753071964067713928e-01,6.399445288274836496e-01
-5.869962373506838471e-01,3.471570885723638256e-01
-3.878935785987258633e-02,-5.790993706718363665e-01
9.156976111191994505e-02,9.392548972920617967e-01
5.395217234139360052e-01,3.733807587687998364e-01
-8.855026027284975676e-01,-8.426230191517731782e-01
2.164062940733992857e-01,-2.625336782248388623e-02
-3.818817929008713197e-01,6.052606905478978838e-01
-2.506746656143552521e-01,-1.063976624921445513e-01
-6.009087255140519446e-01,8.946742516972170378e-01
-8.587984708356153352e-01,-7.213577469921157448e-01
-7.835857369003298434e-01,7.712404168596975751e-01
2.362462634795294836e-01,7.106102024660332361e-01
-5.106268020422684017e-01,5.407348830599092437e-01
-2.262250410918653643e-03,1.064758589157381863e-01
-6.314673328613453762e-01,-1.385896237942294551e-01
4.704332950552099213e-01,-1.231501340102989506e-01
2.425513551275157997e-01,4.536359857651222072e-01
-8.326294207095998878e-01,-4.347278920761930010e-01
9.260522512994275868e-01,-4.726561279419541073e-01
-1.673139206514127064e-01,2.409607123877888224e-01
6.423379151385648633e-01,5.365512512448356031e-01
-5.617202916123926748e-01,5.315127512217203698e-01
-8.697191979394207628e-01,6.619724064608383252e-01
-3.121365139749217033e-01,6.349131610366969269e-01
9.449506209795011102e-02,9.078599737984394125e-01
-9.052483767830672434e-01,-4.575165049513529869e-01
6.892490250817904229e-01,5.628388059085898121e-01
2.361018118547906219e-01,-2.698982397312146286e-01
-7.765939317439269907e-01,7.135612355761637993e-01
5.957736479448900724e-01,9.865639777345451833e-01
-1.060340021607735217e-01,4.891709528540988394e-01
-9.174469364852624320e-01,-9.191202431216856095e-01
5.018575276917736083e-02,2.207805421108988142e-03
-2.781119294467744307e-01,6.659249056265801325e-01
2.464269284246636271e-01,8.353829892580280081e-01
-2.481602048136877237e-01,-8.695259720210624099e-01
-3.549675773734977113e-01,4.165424151062779856e-01
6.310716374275044949e-01,-1.073508414227322127e-01
9.302695457720171479e-01,-5.011441438292447703e-01
-8.791412225429273697e-02,-4.147920241409464026e-02
-5.885811438345878166e-01,1.176429295716880929e-01
2.175232139125204966e-01,-5.234189899539396507e-01
4.447205209320876929e-01,3.362176963941336805e-01
1.379883566846880072e-01,-5.289834418823526896e-01
4.753220420250008349e-01,5.880872153178366979e-01
-3.054776802406589109e-01,1.647188488448703136e-01
6.036716365012335661e-01,-3.266507929239541586e-01
6.268197157758723659e-01,-1.938670687087411526e-01
-5.415515612610501961e-01,-3.340719207878695141e-01
6.574372729301154461e-01,6.616071431887058374e-01
1.403951579370426028e-01,3.422692525676971353e-01
7.408102588407172728e-01,5.847166427751333551e-01
-2.958865483823620579e-01,6.302425695271727246e-01
5.983417315363617206e-01,-4.492096356453401107e-01
2.455300588838795761e-01,7.428580262237609588e-01
6.520234760594834089e-01,-7.923656113157928615e-04
9.146898850524873836e-01,-5.579060656172663002e-01
-6.204836079020099593e-01,-8.777782438400956178e-01
5.758307494225591849e-01,-5.744600454852930582e-01
6.428867551810797387e-01,9.250126947554448975e-01
4.172802985671832943e-01,4.961147971760140329e-01
-7.977503130962972921e-01,8.561298921375926074e-01
-9.511520884605506598e-01,-3.461158842413680770e-01
-1.040149598260531327e-02,9.737648038340014356e-01
4.773874548636569681e-01,3.055589287423832179e-01
-1.765321597700708622e-02,7.181244529295851553e-01
2.092137600321184454e-01,-8.174997341637790793e-01
3.193864283407239490e-01,5.224878058420314719e-01
4.524763636250985765e-01,9.157077990465001260e-01
2.128937280578280244e-01,-8.394262909096137371e-01
3.832884912517717790e-01,-5.872279470390069367e-01
-4.604809810264471892e-01,4.422118284363230067e-02
1.291961409798247917e-01,-1.019467563794052012e-01
2.026727963053811532e-01,-8.602439257328549083e-01
-5.668576075188491714e-02,3.661205781652898672e-01
-5.345936763644540957e-01,-9.186415319705083515e-01
-6.503502073060543065e-01,-3.254734231824163437e-01
9.145886503083926478e-01,-1.678890383397892982e-01
-7.996496041026324164e-02,-4.294324098071988782e-01
8.033417091790662212e-01,4.974445484312144394e-01
-6.792451937591708067e-01,3.496663939800244147e-01
7.679877831811989797e-01,-2.613166089994729546e-01
8.049401761622774210e-01,2.882055315106832882e-01
8.222706241772754776e-01,-4.445834846290730447e-01
5.303410270555004580e-01,-2.944129477490080582e-01
-4.074606866673504690e-01,-7.226556077515742249e-01
-9.519662268307191866e-01,3.033705503278065763e-01
7.413441038938373140e-02,3.358414817297394883e-02
-7.410086592613529533e-01,4.916805839808775502e-01
-5.682529461707668261e-01,8.523125818379948537e-01
-9.376552827334019291e-01,6.801309373212180986e-01
9.626453820781286641e-01,-8.103362622848921948e-01
-8.804919757635336630e-01,7.322328052433526580e-01
4.609157893527764394e-01,3.865266038133778892e-01
7.180752161352010887e-01,-5.228674886382818077e-01
-5.362746583457409510e-01,4.077648525616122122e-01
-9.121975973624842915e-01,9.724148193504271731e-01
-1.720721756726244500e-01,6.455135782466154826e-01
-2.976464781168737250e-01,4.575530550606019542e-01
7.012301454260108091e-01,-4.340518337579768460e-01
-7.787286891773630426e-01,8.629157152795354779e-01
-1.594484475747643959e-01,5.678277471822301692e-02
-8.614150784729623922e-02,-8.718720857194244278e-01
-2.629859038450732545e-01,-4.289395908093067700e-01
8.864371091424430027e-01,1.514584513295107460e-01
-1.123392762130992484e-01,7.205750680234312977e-01
6.587583032991715104e-01,-5.172276153086845518e-01
9.792980121231371626e-01,4.644135220092922012e-01
-7.347545544996667566e-01,-5.654435837216704730e-01
-2.445554797778446421e-01,5.595990474799181769e-01
5.675543073716251552e-01,4.754013810248594041e-01
5.778659484833945648e-01,6.562528244895713403e-01
9.559871351976789722e-01,-6.758303500714646361e-01
-1.470251304614706989e-01,8.520353986574582539e-01
-8.597881414682229106e-02,-7.064167294574779099e-01
-5.682184724803289733e-01,-2.261759590988638990e-01
-3.525749056958185079e-01,-5.782731349949545852e-01
6.487237353362229619e-01,-6.303903562885551093e-01
-5.116840394523638480e-01,-3.335979150856698272e-01
6.188870075397638892e-01,2.348685538055226285e-01
-9.123335679126398645e-01,-2.023360575869981304e-01
-2.137851406776096752e-01,9.110899330752071368e-01
7.793982041818081630e-01,9.487700459808594555e-01
4.465188343753441202e-01,4.579770842014847521e-01
8.574823817309782381e-01,4.860830718169502074e-01
8.003249555429108320e-01,7.201837103414625574e-01
1.840831253485759600e-01,5.112840321910938624e-01
-2.416684488556593013e-01,5.184875405170523699e-01
7.919870338994314807e-01,-3.356162142187968378e-01
-8.868972426683510157e-01,7.705379267096161833e-01
2.887595655676269413e-01,-9.673829074242192849e-01
8.191031897211256130e-01,7.579108042588567073e-01
6.779594072585948261e-01,6.505162468256944219e-01
6.210974312357464555e-02,-1.915805121185754079e-01
-8.536552109827966195e-01,1.344088511568641842e-01
-6.407233985928657560e-01,-8.080028610080098872e-01
3.737410962724447838e-01,-7.977384824220954407e-01
-9.393689566787137846e-01,3.908937114792665479e-01
9.219116898175918617e-01,4.674095112507410388e-01
-4.789723819289839479e-01,-8.708792547252126592e-01
4.019400033685029960e-01,-3.118107809314609735e-01
-7.068087376676841505e-01,-7.110823424038701379e-01
-7.652617871619074030e-01,7.837831649066004935e-01
1.923453266668055939e-01,9.357809564952679349e-01
3.207942751310566276e-01,-3.987788567559782393e-01
-1.320884412186413837e-01,-1.233502784063322810e-01
8.631786469257847205e-01,9.207325362914959843e-01
3.168436951307638250e-01,-8.306273710544802569e-01
-4.811738567640069242e-01,-8.980938013954087307e-01
-7.082851191328742857e-02,7.056334621112430039e-01
-5.425472546483198766e-01,-9.474129804907909236e-01
-5.286989045790715380e-01,-3.183982701816472360e-01
6.376893317905358849e-01,-5.481021507380672286e-01
-2.079145253871383936e-01,9.393006446448408653e-01
4.696130241646820913e-01,-6.098953956687911404e-01
1.571572750830370069e-01,-7.385131535988664897e-01
-5.530111304070712830e-01,-7.511976033514538020e-01
-8.388666359354728375e-01,-2.421644166025425093e-01
5.248441409863138229e-01,7.299196938931111767e-01
9.245536089432015991e-01,4.981003692420182816e-02
8.554678264365112028e-01,8.426126042979724673e-01
1.449227205295493537e-01,-4.167364703468807718e-01
-7.736465422122453806e-01,-5.148077083904951667e-01
5.646014653502593461e-01,4.188652757540980431e-01
6.298802403679968354e-01,-4.759684005466395806e-01
7.981663245112051719e-01,-5.035590470306825495e-01
4.662257567618943721e-01,-4.276504704580788019e-01
1.084116729920610034e-01,4.226504715949097601e-02
5.099075190565041105e-01,2.025734574892235074e-02
-5.666145676708169709e-01,3.336762819819487635e-01
4.178033689413214180e-01,-1.816670989479902687e-01
-9.399407597079199039e-01,8.967641455390169547e-01
8.384871688472226303e-01,8.900622797883821491e-01
-3.888200608379184242e-01,-6.423377894509070263e-01
1.602063433318048347e-01,1.733644588195613068e-01
-5.395558699195135421e-01,7.080542423711166933e-02
-8.723494315251254516e-01,-5.928331388737886343e-01
-6.945669846955144777e-01,2.714905703489332023e-01
-3.978310143476566640e-01,3.996576449076620907e-01
8.484891257286502064e-01,6.589382468178122121e-01
-6.067586437500560592e-02,5.518339556527216416e-01
1.902982825281402945e-01,6.227054362541217802e-01
7.061069315240182664e-01,-4.348895092470130841e-01
7.047545446826495308e-01,7.333276987091095211e-01
5.592484832383768367e-01,-8.835627421063207976e-01
2.378709014437616620e-01,-5.545930544520467631e-01
-7.940482557115307038e-01,-7.481851225282187823e-01
-5.923737066172762855e-01,3.765674261639890830e-01
7.560837699250240185e-01,-9.659726151815926087e-01
5.958176959220817803e-01,-4.146786552546992688e-01
2.437204089573019594e-01,-1.486057994788549941e-01
4.135649780611037052e-01,5.425449579249488341e-01
1.452152412985263652e-02,-5.635683885197910747e-01
6.011693371887811832e-01,-7.357000952578811592e-01
-7.951347383267981517e-01,6.523315459601735089e-01
-9.695157566666723348e-02,9.775745278525849180e-02
5.825021050415801760e-01,-2.081126612967652001e-01
8.753283505932851760e-01,-8.152442185073860426e-01
5.098053349863638228e-01,-8.065790582668759257e-01
5.329767501778568395e-01,3.308699485187924783e-01
-4.148223018105245963e-01,5.373245884372006564e-01
-4.142800031990607756e-01,9.556499589792766258e-02
-4.660013219589795863e-01,-9.685220029392866969e-01
-4.578935177151073344e-01,4.575083595694922067e-01
-5.024108727885747694e-01,6.229218421291509156e-01
3.358433334814880933e-01,7.373885035318514802e-01
8.132714790126671645e-03,1.375841358012890314e-01
4.717549030981198488e-01,3.417713614526576293e-01
-4.086831081849375824e-01,3.408088126483423963e-01
7.539612771475669994e-01,-2.810760750549350373e-01
8.052251916741441917e-01,-4.804000781160122635e-01
7.106201057269474486e-01,-6.811595122350648790e-01
9.896281149833556778e-01,3.844353596216456559e-01
-4.956214545893640189e-01,4.829705123735106298e-01
7.242500205577262484e-02,3.135313091636504623e-01
8.877170983285171957e-01,-3.672625352370872953e-02
4.610879723954410814e-01,8.239946812102045826e-01
7.069865604972105366e-01,1.316293696917139044e-01
8.030138846204668557e-01,-5.451390019774355888e-01
-9.965737776073884113e-01,-5.322676569921533929e-01
7.858506096430497578e-01,-3.232163487615971054e-01
6.769334520283174506e-01,-7.536918244815371537e-01
3.151013096827146587e-01,-3.463941855388397162e-01
3.361501330633889228e-01,3.828757020546109668e-01
7.471401620082180894e-01,-1.435069484713786814e-01
7.978530755146895359e-02,-7.108519965704531707e-01
8.303191837227916761e-01,3.821968348870972143e-01
6.400160173892044391e-02,-5.332830197675770822e-01
3.520807661528113641e-02,5.099425264936712221e-01
1.111682620275102895e-01,3.388088748447248832e-02
-2.231852573413906082e-01,-3.791962388363756542e-01
5.237563365544848359e-01,9.292253828231760160e-01
-5.361911283845863796e-01,-9.407904116100533898e-01
-3.814604244547972201e-01,1.394878659548937083e-01
-4.366808051146087166e-04,6.820900830080667276e-01
2.182390370483160424e-01,9.589875469261068819e-01
1.474829075943313583e-01,-3.696686041806724887e-01
1.030386384008730172e-01,1.315079257536346802e-01
2.311659812075570475e-01,-2.058701174853552196e-01
9.026523774553543156e-01,-9.438491103309356589e-01
-9.915212452927628650e-01,4.901184957171311751e-01
5.901815545558168896e-01,2.025088635086640387e-01
6.151571982784911352e-01,5.734754814041569393e-01
-9.514381257147430659e-01,2.956358339758402565e-02
7.480321947553172368e-01,1.762742648353174957e-01
-6.207628185423399447e-01,-8.412109190028977945e-01
-8.261622051628070285e-01,-8.466698738000211222e-03
-6.942491906183596573e-01,-9.927338567931087709e-01
-3.001593783012526107e-01,-8.119990339221594411e-01
-4.208854140554163514e-02,3.235451012079175737e-01
-5.058704925635670868e-02,4.084136688728752240e-01
1.070763371220344595e-01,-5.181640322198277637e-01
3.082207908352840864e-01,3.611223347063898803e-01
-3.973256040816091073e-01,-1.600570712981652655e-01
-2.012009927548343846e-01,-8.157116022072303796e-01
5.599365960524864683e-01,-9.363639311347085048e-01
5.110943389977660178e-01,-5.021758225295867017e-01
1.741039512060467143e-01,1.109880129938007887e-01
1.786654043813513670e-01,2.292092672961265620e-02
-2.358843660300580236e-01,-7.133619809504430087e-01
8.505107030963927617e-01,-9.176495396311803443e-01
9.421871840216367033e-03,4.029039751796821278e-01
6.199267665237269131e-01,-5.777873566677709238e-01
6.484752564191751389e-01,-9.801556922473757538e-01
-6.432016059420742060e-01,1.010602902030655059e-02
-8.504821958713346675e-01,-2.811809818351518331e-02
3.409607127810689864e-01,1.293255121383103390e-01
4.768940997557100658e-01,-3.268022959780696457e-01
5.779648127727587958e-01,4.840563303484930469e-01
9.103136866069616584e-01,8.178244244667922658e-01
-4.906390915895295635e-01,-2.607446980213428134e-01
7.585330031600583389e-01,4.141892693472677411e-01
-5.549716127020771772e-01,-7.442755740075737148e-01
7.972881019355515519e-01,-5.533323006523529486e-01
-4.064486727030161006e-01,-3.498966735979602838e-02
-9.774068478703410445e-01,-2.072629703817425728e-01
4.281390895790189166e-01,-2.911824391941957302e-01
-6.058694265057618100e-01,8.217139699540176867e-01
-6.755192357555084293e-02,9.261464572617721380e-01
-5.907415443511712105e-01,-3.778402175416939457e-01
3.712852676136728647e-01,5.931829369464123314e-01
-7.236801711407345739e-01,5.007846815591137091e-01
7.602692309070047116e-01,9.309178242883142662e-01
-1.840992999654997853e-01,-9.392008412079817514e-01
2.879078553881377900e-01,4.414324650365495373e-01
7.724668182285583384e-01,3.647656997014929736e-01
7.064376021387863691e-01,1.684028455890200782e-01
-2.083014525499109482e-01,1.839694402285652064e-01
-5.827012640178799163e-01,-2.452340148093330452e-01
3.407935432352056093e-01,-3.654550713642084059e-01
7.322359690909130414e-01,4.396005410725027929e-01
7.694993724912535527e-02,-9.313580071614213640e-01
-6.846751973855242923e-01,-6.969052674393061420e-01
6.965315825330351540e-01,-1.410658320598554560e-01
6.761925409018854083e-02,3.871609066085126560e-01
9.649288391597590220e-01,-7.489061786391035813e-01
2.019486330468402979e-01,2.857385206109448461e-01
5.787033464723869702e-01,-5.869634904523202135e-01
-1.700798821438509467e-01,4.182921227862776981e-01
7.511446313859229118e-01,-5.608418150648617484e-01
-8.009855220528419029e-01,3.518077456140946691e-01
-2.370682365630836230e-01,2.431629555931824616e-01
9.159456444231064420e-01,-2.512702857386930333e-01
-8.994266696349513257e-01,-6.405847148228440702e-01
6.338854263857662819e-01,-8.910299937263002068e-01
-9.924598879627692938e-01,3.002751079269756485e-01
6.470386226797848472e-01,9.523063613650941672e-01
3.921684230689830297e-01,-8.832256750499631881e-01
-8.190438163418194417e-01,3.955845315778709903e-01
-2.666972615806828539e-01,-6.557370071503820785e-01
-2.961842326827581751e-01,-1.781509697987959662e-02
4.008514966155420911e-01,-1.628201683020840118e-01
-8.926945329197364387e-01,8.472949232448736545e-01
8.363845145494237521e-01,8.724750150914877267e-01
-5.566370922391330467e-01,8.821688616304224073e-01
-7.957867346507279116e-01,9.721612626793021406e-01
5.198560099192923722e-01,-4.140520566277716696e-02
-7.341266018236538571e-01,-7.688563915807495874e-01
6.236261903241373528e-01,5.766924866485909629e-01
4.212140287957149010e-01,2.973848857304952631e-01
-3.040450167266679493e-01,9.809056596639103009e-01
-2.782599268237340162e-01,-1.504126688940574663e-01
-1.373005987974429409e-01,3.444396166620582456e-01
-7.207490557207869575e-01,-8.939641818513890392e-01
9.725670626515614536e-01,1.450797081529477950e-01
5.834333354005636352e-01,-1.410797005666568626e-01
-5.702671582256657601e-01,-1.182567786715078562e-01
3.902603688997487996e-01,-1.967561330737517267e-01
8.119481252591163045e-01,-9.037837575653289157e-01
8.489255395784482960e-01,-5.845282493021881631e-01
-4.202476080987438412e-01,3.715302469697969734e-01
8.459173464899361061e-01,-8.404759445184564193e-01
-9.656520746649541742e-01,-1.396967847785444139e-01
-8.830106935452310957e-01,3.064991814750976928e-01
-9.536626871175546416e-01,-4.938350964276350119e-01
6.687090167876406088e-01,-7.686888523615069690e-01
-5.485872491264067730e-01,3.245117182659660315e-01
8.619699358878334383e-01,-1.018067749836821800e-01
-7.939112927654943253e-01,-9.872744606622538832e-01
9.269589638586335223e-01,4.434234512371892922e-01
7.448030496394508759e-01,-7.135134669634655147e-01
-2.120418901583156490e-01,-4.707243582175637542e-01
-8.422808284255469680e-01,-9.527922719894459380e-01
-6.415303383003951865e-01,9.271039246241841170e-03
9.492064367788595192e-01,-7.669392801389813830e-01
-2.692617106673766969e-02,5.719609187693690533e-01
6.942712397593580054e-01,2.371054138858372795e-01
-8.922346265423168887e-01,1.352106721237982256e-01
-8.665223619459911930e-01,-1.609700465480481402e-01
2.609188538062288121e-01,-9.746394748600955005e-01
9.362322086617804739e-01,-3.804193126471067110e-02
-3.433984468448043614e-01,3.497314548617469487e-01
8.879189659282635816e-01,2.156903045247275941e-01
6.916649290808589701e-01,9.736109008465629877e-01
1.655311311641116667e-02,-8.401022627197687331e-01
2.958989928280646442e-01,-3.902808683375955656e-01
-9.150353900583458877e-01,3.085703590257775630e-01
4.432938799633507898e-01,2.734640505783989539e-01
-8.613794416310143198e-01,7.961690459076369297e-01
7.834935915610168333e-01,9.962228898942784294e-01
-3.980782648103819987e-02,8.001046149722323975e-02
-9.232648074079936595e-01,-7.608976828942592974e-01
6.587095322997726932e-01,4.055794931408907011e-01
4.156522855892128554e-01,5.456890811613386294e-01
-6.922250014397033357e-01,-9.518418876853351751e-01
2.642945821808522222e-01,-8.904628404815753129e-01
7.885044395477762702e-01,-2.442895143883958564e-01
-7.813128110570495277e-01,9.368330929336465829e-02
-8.513570681929130135e-01,-1.519759774478475212e-01
1.795695958857570496e-01,-3.898230184554596356e-01
-4.409058201270374955e-01,3.870959851217989911e-01
-9.854557510720842739e-01,8.384412755080872248e-01
-7.237528990280210905e-01,-1.190618613072005338e-01
-6.420312035577404597e-01,3.763786835027074229e-01
4.769212212519562399e-01,-8.841462346514761261e-01
8.010511879659059087e-01,6.672094138791551110e-02
3.340093052059862622e-01,-9.883199714040769024e-01
9.380132053637186829e-01,-9.080991527111923478e-01
-7.785532386385516368e-01,-6.491832399183081748e-01
-7.228597732156829547e-01,5.403898456942706208e-01
-5.967262967496473891e-01,-7.506823720188000593e-01
2.460269693627492593e-01,7.335645566824575692e-01
-1.897872303116974191e-01,5.779287637370944530e-02
8.245146524741207017e-01,3.922454519457474476e-01
9.436682875347857102e-01,-6.656728191296836794e-01
-6.176990965814319612e-01,-8.616220939702934345e-01
5.759192737679996732e-01,-2.910962650400783502e-02
8.362236170480434883e-01,2.778433503055743881e-01
5.494522987903467381e-01,3.597385180523335890e-01
-7.358840873290950491e-01,-6.104019195956444932e-02
4.131460883844195742e-01,1.177543600975416993e-01
-2.388806511621779372e-01,2.640831218061290286e-02
-2.841351124050619514e-01,-7.239951362148699943e-02
-4.391562356996092653e-02,8.589638700423252171e-01
-1.359354239443009149e-01,-1.838104119144647886e-01
-6.610735487322441095e-01,6.084072671200386750e-01
-4.745842875406967032e-01,-8.449947628788163634e-01
-7.240736448793960722e-01,1.735257439599533491e-01
5.827932450178574530e-01,7.215323725370141883e-01
-6.760294049665391825e-01,-6.160875955622073796e-01
2.903618238021699050e-02,3.708802021731563148e-01
8.285107318882356520e-01,4.319632142029199429e-01
-2.471001954099649733e-01,-7.702077973296199698e-01
3.022616404797096035e-01,-8.161007926416161684e-01
5.153938053584965484e-01,8.993058298799707639e-01
-2.630718174336525994e-01,-7.243197801611771514e-01
3.274393338292649336e-01,8.661876797837404496e-01
7.093658972882530556e-01,-5.034261715273391502e-02
-7.750313485385909029e-01,-9.033395840113673803e-01
-5.780631903140771577e-01,6.951711762285321949e-01
9.921296238037999871e-01,-2.659689005224739056e-01
-6.726951840860642129e-01,-2.313483827759199585e-01
3.510315171364775111e-02,-5.813221547396669742e-01
5.528753390246596844e-01,2.004227064035597472e-01
3.225964042890758776e-01,-4.610555749872413678e-02
-2.321788174908003821e-01,-7.804595538484195849e-01
-4.321054484554405217e-01,-6.298384298418253646e-01
8.073888774903097421e-01,6.575847224349142817e-01
-7.822516149395197793e-02,5.421711957917265678e-01
8.932433383377391678e-01,-6.318693801179082747e-01
-7.490025190613478490e-01,-7.940698466087212637e-01
-8.484849179096694005e-01,-6.929910007548500950e-02
7.383147280249247046e-03,3.239236955844020383e-01
-6.387318648220703388e-01,-1.992787504182769176e-01
-1.986562049374835937e-01,5.330516264160554130e-01
1.868987439622340485e-01,2.832002182665913637e-01
-1.678741598752968578e-01,-7.107346998094223878e-01
5.218353244050832895e-01,2.043949615113185292e-01
2.595220540059428593e-02,6.521240580241414175e-01
-9.715293386251384611e-01,-3.731212547802316148e-01
7.057006380359471809e-01,-6.808596111606235457e-01
-4.674900153379575318e-01,7.333863954382182637e-01
-7.083184029955160721e-01,-5.308676285432105679e-01
-3.998367995758280724e-01,8.505015960234718619e-02
3.650616576289094084e-01,-3.977247317578329611e-01
-4.001471957236650834e-01,-8.335542529700679104e-01
-6.832334899126135674e-01,1.476758436987559708e-01
9.259186470461997498e-01,-9.469332332021787035e-01
-1.814048018724778721e-01,-8.289609996399582847e-01
4.422078946910683594e-01,-1.412339851533057633e-01
9.070416209952267828e-01,-4.050022832171347176e-01
2.067489402716407021e-01,6.561659625637026316e-01
3.920549094705945148e-01,1.691764261303836392e-01
7.053451821998437676e-01,6.971121538836722031e-01
-4.739335529752513043e-01,-1.649890826698927615e-01
-2.375615769969103841e-01,6.191159653735394119e-01
5.275065300007861779e-01,8.203744127809635689e-01
4.583453823936198823e-01,-1.253225814887004574e-02
7.221991869232897709e-01,5.341326356171016698e-01
3.234051392032344374e-01,4.368512173809069310e-04
-2.369923507983617839e-01,-5.033450136177817225e-01
-6.727247999295513647e-01,-1.318458069909140828e-01
5.106101573376786718e-02,6.502788154595631198e-01
8.948825118957719482e-01,-2.343532330178386136e-01
-6.876643710133527598e-01,-6.228050498671633406e-02
-8.485032978265767412e-01,7.590779720261238150e-01
1.683471525693900350e-01,-9.920286144474395051e-01
5.714733391820856490e-01,1.152704783032652003e-01
-9.668561541752211941e-01,5.009787929765090464e-01
-7.362019669884998230e-01,6.869517126301643017e-01
3.071527242422433801e-02,-7.136057160329742910e-01
5.698425558247528500e-01,3.349016776990261235e-01
-9.397560709448880001e-01,-7.482514052170683438e-01
-7.606969390027515932e-01,3.124478813308904090e-01
-5.550042754972843717e-01,4.815790983902219491e-01
-8.001106794297780933e-01,8.843475851839184276e-01
-3.964162056692892566e-01,-8.963777738579892240e-01
-6.541153391014411511e-01,-7.599889658804623860e-01
-5.200686119848545452e-01,-3.140649918619333736e-01
9.587283771707124647e-01,1.325832684128898098e-01
1.056975198496532542e-01,-7.965757600435172670e-01
9.559425578167650706e-01,2.943056130206249676e-01
-8.293071758962451412e-01,-6.102724216531554280e-01
-9.594115045186890622e-01,-3.526664008668076722e-01
-9.605357391309343740e-02,1.919628321832733686e-01
5.574052338175852217e-01,-2.014051767255147229e-01
1.614785786260142242e-01,-3.388324072725734659e-01
-5.906276702279174007e-01,2.092298489348216606e-01
3.821436922697010186e-01,-2.091499831594529901e-01
4.215278126470498599e-01,-3.192395296403691685e-01
9.766785273888789476e-01,-5.996278442048521562e-01
-8.156044516833202973e-01,2.807672566454444407e-01
9.419020575839416320e-01,3.196934080123337019e-01
-5.802360361383658294e-01,-3.358686584628967076e-01
-3.124751812475909940e-01,-2.573592451315906970e-01
7.730530259298347140e-01,-5.970480344019899466e-01
7.389639754338481747e-01,9.361252145449496798e-01
5.205123259114887713e-01,-4.068503660283384615e-01
-3.469046636673911443e-02,6.726945762629688019e-01
4.280419111101192442e-01,-7.297482660621803507e-01
-7.904806712485881182e-01,5.775451876408250751e-01
5.752508977780286248e-01,1.523290502941860858e-01
2.665690885923341913e-01,-7.211017042340119865e-01
8.716847104480585084e-01,-8.352573787959529650e-01
8.488071651577702159e-01,-9.966073632070318045e-01
-2.739355206590659009e-01,-7.268750907231062985e-01
8.551211205346476163e-01,6.123310093089244788e-01
-7.263356654891337527e-01,-6.838672309028392959e-02
5.323139489561450333e-01,-2.722784450854480731e-01
-8.511577042613265309e-01,8.186781608321729298e-01
7.289006944589593306e-01,2.112902694396880943e-01
7.945090785985420290e-01,8.925240724983718454e-01
4.210565656267606371e-02,3.371542545876036190e-01
-7.645839655554382830e-01,1.132224813417652687e-01
-8.963368757889700333e-01,5.091545949550695394e-01
7.384261835110097483e-01,-4.021330519280594817e-01
-3.459880889596826936e-01,6.770664870282090408e-01
8.011504696619329291e-01,2.708772086765747211e-01
-4.642459502545559502e-02,-1.704887640350949418e-02
-6.906544853321532340e-01,-8.762703986421436220e-01
1.489365316670705486e-01,-5.056316543237189265e-01
-8.423827422027130307e-01,-1.751153720910567646e-01
6.111879515676865715e-01,-3.948377263701750017e-01
-6.208384740327212992e-01,-1.608857635846381307e-01
-9.043843389008687783e-01,-7.475227319741186705e-01
5.792199288587682737e-01,-7.875426720516791601e-01
7.877586026127672003e-01,-1.235644319529276558e-01
3.761921515726613929e-01,-2.928521128214165437e-01
-1.133934653616084365e-01,-2.143121215384771183e-01
-1.659941376751319364e-01,7.684784671012061530e-01
9.244554471346144719e-01,-3.835111347849173846e-02
-3.124108450795819447e-01,3.328478961735765740e-01
-4.566187950034297227e-01,9.615254593196145283e-01
-1.906357418504911472e-02,1.541465652176252643e-01
4.198938808088552577e-01,1.257601820270379811e-01
9.012370272890843914e-01,1.946124620814209116e-01
-2.480385130662390303e-01,3.944741348598619357e-01
4.213124444999143403e-01,4.930079384342505033e-01
7.868110035514017664e-01,-8.183404525505826310e-01
-6.523750753846397910e-01,-5.269891463627145445e-01
-6.536940170983633891e-01,4.805636164923372533e-01
-9.226718807212017648e-01,-1.848980943800058174e-01
-2.569724554390049320e-01,-8.330271680285026292e-01
5.710530840287069143e-01,4.138887696087256707e-01
5.375627400131850475e-01,-8.112802682002642207e-01
4.962635422449548361e-01,2.220069586626065572e-01
-3.095732656037175623e-02,2.427509833083061341e-01
4.616116435893107273e-01,-8.920333503536286290e-01
9.140768808374877263e-01,-4.004458709726312904e-01
-7.282955961281545321e-02,6.451807578577242186e-01
-5.884698258033265184e-01,2.027821752809628730e-01
-4.149785679862769694e-01,-3.706158521329316891e-01
1.955273199046811960e-01,-6.438681274173809754e-01
1.228494121478282963e-01,4.953503037400026621e-01
2.764710584129690396e-01,-8.689692480863790980e-01
4.479962323824802084e-01,-5.101265923900781818e-01
3.195957536145030975e-01,-2.027226293266459756e-01
-1.860270243622952346e-01,-1.359175240411276686e-01
3.746146295611116894e-01,-1.162201329482450696e-01
6.273086178785949318e-01,4.146146218890043311e-01
1.629030149169519159e-01,-4.643411271950559360e-02
-5.670370239350566166e-01,5.997519182892097067e-01
6.007674399230593654e-01,-3.725972392115861620e-01
8.491095169226650086e-01,2.070758713413749508e-01
-6.684735541944752946e-02,-4.366378435406210734e-01
8.033923931552104936e-01,-1.042750068494142646e-01
2.705849701295173215e-01,3.271226030311715771e-01
-3.916769903948227327e-01,4.700702751330407825e-01
4.609188775956485351e-01,-2.196296884860042820e-01
9.559240874958974121e-01,4.132923356312734331e-01
1.550931335707026459e-01,4.301573560228086901e-01
6.978097136993948180e-01,-9.690587687212814938e-01
-7.953979524336769469e-01,8.516586235377838765e-01
8.594246248597465776e-01,-2.072208831012252173e-01
8.943951321473091465e-01,5.376070306933014020e-01
-4.080466208863839928e-01,-2.042953307164219190e-02
1.934038856274866713e-01,8.115791436626982325e-01
-7.127707677981431900e-03,-8.925805116057339283e-02
8.271567324531070575e-02,9.536912696706898451e-01
-2.855174591324536326e-01,-2.661071790969391504e-01
-7.804112232143678440e-01,-5.874613410310176587e-01
-8.994306774979261565e-01,-1.556021772906772682e-01
6.062380905451614233e-02,6.468195529520233134e-01
3.071371049622104721e-01,-7.609413118276096011e-01
6.096538540818945417e-01,5.521341440947657997e-01
1.729375457983106656e-01,-9.616254843150839893e-01
-6.284712722019418774e-01,-1.812463037881923977e-01
1.331686539744985076e-01,-9.395753455731246095e-01
1.077509170054251619e-01,-5.813034881248004826e-01
-7.110995016273597980e-01,5.870040279885948564e-01
-1.210534679870798325e-01,6.969693679990065505e-01
3.103369731715739377e-01,-8.203498685763050968e-01
8.183500797667262461e-01,-7.957215885257662435e-02
7.737331170641512657e-01,-4.599332899634656080e-02
1.092317347615334722e-01,-9.894240945343357740e-01
8.314675203570114359e-01,5.330942372079654490e-01
9.765751951735792691e-01,-2.495014546792719834e-01
8.681159321061695522e-01,-3.553592353525221181e-01
-5.662004817113439614e-01,-8.469975748115277092e-02
-6.689778635608290003e-02,6.618358072822905225e-01
-6.805556484762640412e-01,7.335306336968774321e-01
7.790191795217362714e-01,2.867923488066665971e-01
-8.970468010889089960e-01,-3.454856561322012798e-01
9.190208156765942160e-01,3.946289620102703122e-01
-1.271292786675148889e-02,-5.865540971197815701e-01
-6.915631081601349983e-01,2.395169186286236762e-01
4.858492928679598588e-01,7.316302171876043481e-02
4.982622138274506174e-01,-9.896927213260955369e-01
6.402408977207465490e-01,3.985283067093556841e-01
9.755957340976362246e-01,8.557822936354320120e-01
-4.018275324051812092e-02,-7.798058203277231648e-01
9.669196950537473079e-01,4.304157859833581679e-01
4.240314756567504784e-01,-7.205920689463496398e-01
-8.693963613237207788e-01,3.380372974345338122e-01
5.560071433129620821e-01,1.135311817167621307e-01
-4.047437200404773172e-01,9.159812010812784511e-01
3.706214508199499047e-01,-5.035321864317501284e-01
-8.344908484863622355e-01,1.794263065224921405e-01
8.324009751473360197e-02,-9.354310967421279877e-01
8.869623507667667717e-02,-2.031312279113628438e-01
-9.990133828213108025e-01,3.971833964549964513e-01
-4.832960414695732787e-01,1.821076371427370333e-01
9.054139753312702155e-01,4.535708357007082192e-01
6.472281990123012196e-01,4.150516767229353032e-01
1.403236314707367871e-01,2.117253546693387278e-02
-1.891750095343103233e-01,-3.897604471358948608e-01
2.838820081850337296e-01,-6.647918683359104186e-01
-3.187650882040091727e-01,7.377619861227888709e-01
-1.244319485867322328e-01,5.179398759876643332e-01
-1.048771354561728320e-01,7.160469659362287409e-01
-1.213670551856744773e-01,7.609175509628207656e-01
7.133079798859172094e-01,2.602709326458716443e-01
-4.640177285115263395e-01,-1.644592699192484186e-01
5.220424105748893151e-01,2.247884861403288692e-01
1.091243441936529113e-01,3.331409653287036310e-01
8.950254591447617258e-01,9.649867045947155830e-01
-8.373845416799208241e-01,9.978751679011237385e-01
7.520147210690231176e-01,4.183782591101634640e-01
4.703602281010834663e-01,4.288993933280660364e-01
-9.122519167836602438e-01,7.227593363832249818e-01
5.708820080852248235e-01,7.595371598729545592e-01
7.293721718478618499e-02,-5.943059304831344036e-02
3.849727812962611129e-01,8.105356256944857840e-01
-6.703721923237297986e-01,-7.786089310209556302e-01
2.632907298368356575e-01,7.697526338981202088e-01
1.768326200302090534e-01,-4.514125214035016320e-01
-2.273325701679906885e-02,4.534923819800813494e-01
-9.938436827947725316e-01,8.896619384929582708e-03
9.489324461774015784e-01,-8.773489128484979194e-01
1.700424821193786684e-01,2.090763919984521824e-01
-2.508173403127962331e-01,-1.659780295034951614e-02
4.544433151342497368e-01,7.463046319202555345e-01
-1.737361835671917820e-01,-4.262160595292141529e-02
8.452113920588721907e-01,8.897657289047555818e-01
4.419286296923055080e-01,-6.067733135758432983e-01
8.607327746005584146e-01,3.803081817582838475e-01
-9.128023550097947858e-01,-7.744788476694761670e-01
-8.243389244788794645e-01,-1.144528764109304930e-01
-3.861065243163075422e-01,1.670460322696263322e-01
-1.311571380763614236e-01,6.345582013236927832e-01
-9.692928478983051654e-01,-6.298261265292290911e-01
5.474288343203881357e-01,8.268849159841717977e-01
4.659956265335307712e-01,8.481309085991790564e-01
-2.092379390943035489e-01,6.919517893821471866e-01
-7.923104797052673565e-01,-1.880900584129954201e-01
-8.318174703752418964e-01,-8.648042210603699154e-01
-4.889954825004998451e-01,6.794033152593172975e-01
3.578488999013120786e-01,8.319734593774159581e-01
7.066716517264866049e-01,-2.205097910332161071e-01
-4.262441484578316508e-01,9.388258335516608266e-01
5.637988873181878358e-01,-9.667998198525329379e-01
9.762112763532331261e-01,5.273132879289481600e-01
-8.581796669108969766e-01,-6.390481253414106444e-01
6.553914712489232741e-01,-5.556964108875053210e-01
2.187616257099131989e-01,-3.131167647820047861e-01
9.132073496636634591e-01,-7.606796396466104504e-01
-9.064697513008608265e-01,-5.411769772133001588e-01
2.791406867534891312e-01,-3.923184759565336854e-01
1.667098097151598068e-01,9.511330811494600468e-01
8.741536222386749877e-01,-3.482597663809132715e-01
-1.821528469604332123e-01,-6.295931088325465996e-01
2.816566246714333754e-01,-7.338424994106496069e-01
4.861367533615539305e-01,-1.469402540318054395e-01
-8.878703683890054599e-01,6.489216583947432504e-02
7.526146337526260499e-01,-3.115180241764465841e-01
-7.120526497744998906e-01,7.538107569806729025e-01
6.550365776457751643e-01,-3.839867581244682526e-02
-2.153004544076861926e-01,5.361608104311488265e-01
7.959234067216112152e-01,3.612142246123517531e-02
-9.159547700533212655e-01,-8.291965629841684393e-01
9.482061302936428682e-02,-3.329274914572235566e-01
2.120917281991823167e-01,1.416130329396576570e-01
-9.837887433260499304e-01,-4.210321585921943388e-01
-4.137365031643942537e-01,2.032655118300863428e-01
3.930929004447116792e-01,-5.132418445927002804e-01
-8.722720857268972949e-02,5.585624635067061305e-01
9.194323107585768984e-01,-9.448977097627093702e-01
6.102222932101564190e-01,-1.260256993863853037e-01
1.091369549237231062e-01,1.650233523153146198e-01
-3.270193450064509122e-01,9.263678934900128059e-01
2.833615103370088484e-01,-4.002604039310799777e-01
3.613853313645061238e-01,-1.129609148294268284e-01
-7.364813950759001582e-01,-1.754423857200260173e-02
8.963308584613729479e-01,-5.677484186903951624e-01
-1.206687242137949312e-02,2.999165333011177825e-01
-2.397520671594270958e-01,-1.250853021208286897e-02
-3.967740190499948749e-01,-3.499500483995436895e-01
-6.516885463647370536e-01,6.933397512906269711e-02
-1.592023294345998874e-01,3.012188461689251362e-01
-2.532701496632880911e-01,1.875294215239649009e-01
8.251506627310165598e-01,-9.807982154950638520e-01
9.641266641127126391e-01,8.421754459826988892e-01
1.868910850636709142e-01,-4.964306217472183036e-01
-1.974726754151319152e-01,-7.494731230879962958e-01
-8.947507115338917405e-01,9.461242883291984818e-01
6.632294969792378314e-01,-1.899658502577923347e-01
2.905710202810454224e-01,-2.356893873336549650e-01
-4.221712359689411276e-01,2.075545366786588630e-01
-8.008849569183640327e-01,9.468864020856981867e-01
1.107677767118222523e-01,-5.511376003140633362e-01
-7.920817603587295697e-01,-1.158488166373345951e-01
7.540823562279768133e-01,7.364117317808789309e-01
1.966160989061656039e-01,-8.022275710542092764e-01
4.966492519688512353e-01,-5.248093072891046873e-02
-2.482472578361334392e-01,-4.024323797316458062e-01
9.866580738460455358e-01,-1.369747379775121399e-01
-5.920429735824468409e-01,-5.561996087347909068e-02
4.046732420182888035e-01,-2.397035241966374297e-01
6.293830644816367226e-03,4.987422064876581018e-01
8.017664653699891897e-01,1.479240152861607260e-01
7.662774197245962871e-01,3.385934808259682960e-02
2.595653834789051206e-01,4.036210390206540488e-01
1.156786800443585506e-01,2.083420361487990924e-01
-8.542237124554419303e-01,6.050169994893415115e-01
-5.907890321282271984e-02,4.381867874123881457e-01
8.018669972131451384e-01,5.977690196702041270e-01
-4.693854212664445580e-01,-1.828224424284887739e-01
4.521341810262393679e-01,6.452156255948429120e-01
1.705190066660322579e-02,-8.593772877193150972e-01
2.814210396594261088e-01,-3.444727898845667546e-02
-4.204978440508990722e-01,-7.778243412562810821e-01
5.837554957538375611e-01,-2.204057425647081292e-01
7.678805422817400750e-01,-8.862748352691147691e-01
9.075741770667700159e-02,7.054533474834023821e-01
-8.952222358813350933e-01,-2.767103029494750732e-01
2.565299690284050804e-02,-7.184521535289547511e-01
3.058641548061056259e-01,1.972753732889611644e-01
-8.707350157952309377e-01,9.554927879962147319e-01
8.229269666572920361e-01,-8.340310916543480779e-02
6.156802025471401763e-01,9.612041833412623415e-01
-1.053974795341632298e-01,9.400626149975779278e-01
9.270049295279214618e-01,3.248759615403078449e-01
-5.781892665871151138e-01,-6.497460848135567790e-01
-5.563000080500610789e-01,-4.740372613239745014e-01
-3.562529549655499839e-01,8.569896454404359876e-01
7.821833817779211273e-01,9.845211100272288629e-01
-3.136103654948161346e-01,-2.378511722062512934e-01
-5.002498604081202505e-01,8.433648567580607214e-01
-7.814123567599762232e-01,4.922503614213824541e-01
1.774389853126643324e-01,-9.080840207613705140e-01
-4.343714007461751958e-01,8.656032392783814533e-01
5.572683770580308948e-01,8.834725204148967670e-01
1.701010756319256689e-01,-4.905892574392511918e-02
-8.275852655155020443e-01,3.020619720376445105e-01
9.602391732269188740e-01,-9.788907763143317453e-01
1.425269862384617170e-01,9.159161283290513378e-01
3.792538763450372663e-01,7.222673760476538973e-01
-6.719594401431863151e-01,2.085984385902928118e-01
2.202802217225872106e-01,-5.011492213739614510e-01
-3.085843219247652591e-01,-2.535915038898639562e-01
-3.019574246672829254e-01,4.902275145429402237e-02
-2.216846635451914516e-01,9.690902919310968588e-01
8.217732059223983310e-01,-8.499071306169352358e-01
-6.180963325818493725e-01,7.294871057723371077e-01
3.682086805639088745e-01,9.849936176519777931e-01
5.018510169338037397e-01,-1.625480477279626079e-01
2.212161091666391410e-01,2.563959154943744601e-01
3.007012155765931283e-01,7.068991472945791443e-01
8.966884616019910048e-02,7.834698354616280724e-01
9.617609306850043449e-01,-5.119364910477541830e-01
1.677626549684427815e-01,-9.764380962076459891e-01
-4.366471246590610811e-01,-1.592388632785259883e-01
6.211475315422192445e-01,-7.207497628249015520e-02
-8.249721810264563082e-01,-1.363762144952724853e-01
-9.152692588514248495e-01,-1.245939555643467145e-01
9.683228590976824535e-01,9.916292631825001092e-01
2.139665729870108279e-01,-3.027858826831446581e-01
6.509109570866036254e-01,6.307513895731400311e-01
-9.259946631523041649e-01,7.907282212324937554e-01
6.995424772436009686e-01,5.312094521595953633e-01
5.490689174881071555e-01,-2.349037511211047313e-01
-4.739199947145140701e-01,-5.855487196909625602e-02
4.470621407253239088e-01,2.243973126253437922e-01
6.144789692801233549e-01,-1.423442053489893944e-01
-5.709956280791508298e-01,-9.882670939676891919e-01
1.431393074040090418e-01,3.262209274674505721e-01
-1.209396068588943773e-01,-8.583138274412511759e-01
9.470590619557144318e-01,-5.379767517978846225e-01
-3.295369947201087779e-01,1.226535677977840244e-01
-7.295078274247457362e-01,-7.961880893055841568e-01
8.487251474394448270e-01,-6.634378891070120687e-01
2.185715606881157846e-01,-3.816569319033560337e-01
1.489102707145224525e-01,-7.810687927543029652e-01
-6.150238377769181586e-01,-1.111849540431517624e-01
4.886521026837689075e-01,-1.190226001939169720e-01
-3.010611898710486845e-01,9.619738616108821638e-01
-6.564596772358193277e-01,-3.907659815154627125e-01
8.078446256182754137e-01,1.151628721046549231e-02
7.562723996932323445e-01,5.044045943089237038e-01
9.475859092759955082e-01,7.201432872976853972e-01
5.642022061588378712e-01,7.867451789889803315e-01
6.591017519247051037e-01,8.404960105836398743e-01
-9.972377277504982374e-01,2.381788083527034416e-01
6.862668946411329962e-01,-9.136447403634744280e-01
3.386717259146114767e-01,-6.246806812266882947e-01
-9.008637909656425080e-01,2.065756396009299500e-02
9.304315435479031393e-01,9.377393551506565395e-01
5.315496096534126913e-01,-8.265486311351182280e-01
4.781284239210583653e-01,9.263379664947422043e-01
-1.237068705778670008e-01,4.016056811491950373e-01
-1.764333462469649394e-01,-2.736457355703145744e-01
-8.674831671035680980e-01,-6.118854578781247611e-01
9.307602978432514274e-01,-8.826335362214610125e-01
9.421762450647048759e-01,-2.163565408010659219e-02
-2.251701475904765992e-01,4.059786658637534185e-01
5.784268293886263290e-01,9.318293377908486441e-01
-7.535929673818713148e-01,-8.775477698778630931e-01
-3.137288229322605648e-01,-6.613405728726613475e-01
-3.708610098276718947e-01,8.813693921281038346e-01
-9.923351841554755026e-01,-9.793945925432461230e-01
8.967147550105196707e-01,-7.121439207854065589e-01
-8.388587919123577930e-01,-5.962582796089284098e-01
6.897592865695683084e-01,-7.034093215103882635e-01
-7.789102754581047616e-01,3.172528436528252449e-01
7.775831108687734083e-01,3.952352785113670830e-01
-4.902008490396574381e-01,-6.550957580843816963e-01
-8.961683717859167952e-01,2.689922281564787188e-01
8.647411580319925850e-01,-7.680718898231453373e-02
-9.195580629522392968e-02,3.978217684139593313e-01
-3.688969699842010730e-01,8.696843472684550047e-01
-2.419996764046081772e-01,1.048947661290633437e-01
3.010140853261986660e-01,2.170427444913440862e-01
-8.213436775100970699e-01,-5.966743105534866309e-02
-7.033703388775831566e-01,-7.044791268206758161e-01
9.242463529999800365e-02,-6.368636280792536741e-01
7.785892435762851171e-01,8.414332840460849727e-01
-7.425176966017112967e-01,3.043000137001488081e-01
-3.329825762190681271e-01,8.568930457762495845e-01
-7.344155500258153779e-01,2.858880027784203026e-01
-9.242798256437787519e-01,9.051694789681479225e-01
-3.431979546224162014e-02,9.020129357935640080e-01
3.422905238466333877e-02,-5.958014013794288299e-01
-4.821035988610709033e-01,3.163614544561532682e-02
-6.286275897373052590e-01,-2.556045448230011008e-01
-7.835979789864506717e-01,7.115863838036935451e-01
-5.968127043255078146e-01,5.004145291528814266e-01
-2.917729528724153365e-01,2.759201679946410302e-01
-7.858941755682300467e-01,-9.443167475496305752e-01
8.494104076426145511e-01,-5.628590983667722814e-01
-4.978963057069969445e-01,-1.964819081259312483e-01
-7.110540087514909402e-01,-7.829989307268747645e-01
5.841390161593704722e-01,-8.616374250941349899e-02
-6.956950293314372313e-01,9.704414000591676803e-02
4.817828050590744482e-01,5.848690850425717347e-01
-6.938996745184278225e-02,9.262670487508386508e-01
-5.419826692359095421e-01,9.359067846174451422e-01
8.115725544432417227e-01,2.608255914903436778e-01
-2.814423923403894801e-01,7.113354243213094730e-01
1.983143468273935728e-01,5.471533228094482837e-01
7.058807441400318794e-01,-6.357841618812101192e-01
2.743477828354645709e-01,6.740891743155827953e-01
-4.030295153176024492e-01,-3.948468727620231267e-01
-3.910235161528159420e-01,1.889842005410136139e-02
6.994455168767608200e-01,-8.811314909726331024e-02
-9.893940791392419332e-01,7.390425562265694470e-01
3.732036435289738385e-01,-8.961921636723713114e-01
9.824728400634996639e-02,9.648425455123281758e-01
3.481126219061447813e-02,-1.670673790787400304e-01
5.996856538300621153e-02,8.874018555034548505e-01
-9.959623475353649447e-01,1.405253479501662461e-01
-7.761997018305770712e-01,-7.965926285607818347e-01
5.065729350455054902e-01,-8.134145269130250711e-01
-2.944711152791104070e-01,-8.330919734667419085e-01
-5.134964234849830333e-01,-9.162227020009021672e-01
4.011076408394611548e-01,-5.927509610449253064e-01
-7.065991996105109862e-01,9.392159160894868464e-01
9.916477038988582571e-01,4.938074804883376689e-01
5.584166098820921853e-01,-2.858559879507676094e-01
-6.917093649794885390e-01,7.134226684614282110e-01
-7.346350298559207737e-01,3.660893633440074346e-01
-9.862418675983375405e-01,-5.888710444041953540e-01
-8.198373661968629822e-01,2.146945247486917729e-01
-1.213115076435635764e-01,7.939594306279271763e-01
3.183667796787801318e-01,-9.138595075908282350e-01
8.657790667500389059e-01,-7.102738667764461056e-01
-2.871313323548205787e-01,-4.071443804013181733e-01
-1.990088137534822277e-01,-3.319263813831865306e-01
-1.256823180772510540e-01,-7.878742239676272963e-01
5.435648439294407108e-01,8.967889050140978036e-01
-5.765238474306451089e-01,7.848096751691902018e-01
1.568410066270051750e-01,-6.179395701292245136e-01
1.796596889457928725e-01,4.503753548754083624e-01
9.797606707546355764e-01,8.800602974537605760e-01
2.987544631097178716e-01,-5.360825890473730482e-01
-5.582555407689466787e-01,-4.879026589062804842e-01
9.987208938152702942e-01,8.395640060738727151e-01
-3.979094762188446488e-01,3.821581582899278295e-01
9.796770627507780382e-01,-7.337538360116329095e-01
-2.612551668057396803e-01,-9.037438194657945179e-01
4.457168355541856197e-01,4.574284606457339475e-01
9.728257522210264074e-01,-1.510047878167866120e-01
-8.072331990167760374e-01,-6.911201553233228267e-01
7.805949598528070243e-01,7.668894531237773204e-01
-5.978410863562415578e-01,1.684628751587278206e-01
-6.138018743041917524e-01,-1.006070257801627843e-01
9.839166848158702461e-01,-9.619731104963999968e-01
-6.595963136867728505e-01,9.933972339136796226e-01
2.241451408227752573e-01,-5.441019830139357527e-01
2.398750169290468914e-01,-6.368798554157084624e-02
-7.974276717747614818e-01,5.207065944959148318e-01
1.546476128136387018e-02,5.823115419880988686e-01
-9.599316524407857099e-01,-2.848925522332967919e-01
4.876942938479822409e-01,3.533230883427458391e-01
